{
    "titulo": "Calculo de caudal maximo",
    "autor": "Ing. Carlos Camacho Soto",
    "fecha": "08/02/2018",
    "version": "1.0",
    "viscosidad": 1.007e-06,
    "imbalance": 1e-05,
    "max_iteraciones": 40,
    "ecuacion": "S",
    "tolerancia": 1e-06,
    "factor_demanda_global": 1.0,
    "nudos_carga": [
        {
            "id": 0,
            "elevacion": 100.0,
            "carga": 110.0,
            "nivel": -10.0,
            "caudal": -858.7417540852484
        },
        {
            "id": 1,
            "elevacion": 100.0,
            "carga": 100.0,
            "nivel": 0.0,
            "caudal": 858.7417540852484
        }
    ],
    "nudos_demanda": [
        {
            "id": 2,
            "elevacion": 100.0,
            "demanda": 0.0,
            "factor": 1.0,
            "demanda_neta": 0.0,
            "altura_piezometrica": 105.0,
            "presion": 5.0
        }
    ],
    "tramos": [
        {
            "id": 0,
            "desde": 0,
            "hasta": 2,
            "longitud": 200.0,
            "diametro": 500.0,
            "ks": 0.05,
            "kL": 0.0,
            "estado": "TA",
            "opciones": "-",
            "caudal": 858.7417540852484,
            "velocidad": 4.373535840066308,
            "Re": 2171566.951373539,
            "f": 0.012821642127757497,
            "hf": 5.000000166354141,
            "hL": 0.0,
            "h_accesorio": 0
        },
        {
            "id": 1,
            "desde": 2,
            "hasta": 1,
            "longitud": 200.0,
            "diametro": 500.0,
            "ks": 0.05,
            "kL": 0.0,
            "estado": "TA",
            "opciones": "-",
            "caudal": 858.7417540852484,
            "velocidad": 4.373535840066308,
            "Re": 2171566.951373539,
            "f": 0.012821642127757497,
            "hf": 5.000000166354141,
            "hL": 0.0,
            "h_accesorio": 0
        }
    ],
    "signature": "crcs-2022",
    "timestamp": "Sat Sep 10 09:36:15 2022"
}