{
    "titulo": "Calculo de caudal maximo",
    "autor": "Ing. Carlos Camacho Soto",
    "fecha": "08/02/2018",
    "version": "1.0",
    "viscosidad": 1.007e-06,
    "imbalance": 1e-05,
    "max_iteraciones": 40,
    "ecuacion": "S",
    "tolerancia": 1e-06,
    "factor_demanda_global": 1.0,
    "nudos_carga": [
        {
            "id": 0,
            "elevacion": 100.0,
            "carga": 110.0,
            "nivel": -10.0,
            "caudal": -607.922647525559
        },
        {
            "id": 1,
            "elevacion": 100.0,
            "carga": 100.0,
            "nivel": 0.0,
            "caudal": 607.9226475255575
        }
    ],
    "nudos_demanda": [
        {
            "id": 2,
            "elevacion": 100.0,
            "demanda": 0.0,
            "factor": 1.0,
            "demanda_neta": 0.0,
            "altura_piezometrica": 104.99999999999999,
            "presion": 4.999999999999986
        }
    ],
    "tramos": [
        {
            "id": 0,
            "desde": 0,
            "hasta": 2,
            "longitud": 200.0,
            "diametro": 500.0,
            "ks": 0.05,
            "kL": 5.0,
            "estado": "TA",
            "opciones": "-",
            "caudal": 607.922647525559,
            "velocidad": 3.0961246198785504,
            "Re": 1537301.201528575,
            "f": 0.013084220342240722,
            "hf": 2.557088170544932,
            "hL": 2.4429122481697494,
            "h_accesorio": 0
        },
        {
            "id": 1,
            "desde": 2,
            "hasta": 1,
            "longitud": 200.0,
            "diametro": 500.0,
            "ks": 0.05,
            "kL": 5.0,
            "estado": "TA",
            "opciones": "-",
            "caudal": 607.9226475255575,
            "velocidad": 3.0961246198785424,
            "Re": 1537301.201528571,
            "f": 0.01308422034224073,
            "hf": 2.5570881705449207,
            "hL": 2.4429122481697374,
            "h_accesorio": 0
        }
    ],
    "signature": "crcs-2022",
    "timestamp": "Sat Sep 10 09:36:15 2022"
}